[{"model": "auth.permission", "pk": 1, "fields": {"name": "Can add log entry", "content_type": 1, "codename": "add_logentry"}}, {"model": "auth.permission", "pk": 2, "fields": {"name": "Can change log entry", "content_type": 1, "codename": "change_logentry"}}, {"model": "auth.permission", "pk": 3, "fields": {"name": "Can delete log entry", "content_type": 1, "codename": "delete_logentry"}}, {"model": "auth.permission", "pk": 4, "fields": {"name": "Can view log entry", "content_type": 1, "codename": "view_logentry"}}, {"model": "auth.permission", "pk": 5, "fields": {"name": "Can add permission", "content_type": 2, "codename": "add_permission"}}, {"model": "auth.permission", "pk": 6, "fields": {"name": "Can change permission", "content_type": 2, "codename": "change_permission"}}, {"model": "auth.permission", "pk": 7, "fields": {"name": "Can delete permission", "content_type": 2, "codename": "delete_permission"}}, {"model": "auth.permission", "pk": 8, "fields": {"name": "Can view permission", "content_type": 2, "codename": "view_permission"}}, {"model": "auth.permission", "pk": 9, "fields": {"name": "Can add group", "content_type": 3, "codename": "add_group"}}, {"model": "auth.permission", "pk": 10, "fields": {"name": "Can change group", "content_type": 3, "codename": "change_group"}}, {"model": "auth.permission", "pk": 11, "fields": {"name": "Can delete group", "content_type": 3, "codename": "delete_group"}}, {"model": "auth.permission", "pk": 12, "fields": {"name": "Can view group", "content_type": 3, "codename": "view_group"}}, {"model": "auth.permission", "pk": 13, "fields": {"name": "Can add user", "content_type": 4, "codename": "add_user"}}, {"model": "auth.permission", "pk": 14, "fields": {"name": "Can change user", "content_type": 4, "codename": "change_user"}}, {"model": "auth.permission", "pk": 15, "fields": {"name": "Can delete user", "content_type": 4, "codename": "delete_user"}}, {"model": "auth.permission", "pk": 16, "fields": {"name": "Can view user", "content_type": 4, "codename": "view_user"}}, {"model": "auth.permission", "pk": 17, "fields": {"name": "Can add content type", "content_type": 5, "codename": "add_contenttype"}}, {"model": "auth.permission", "pk": 18, "fields": {"name": "Can change content type", "content_type": 5, "codename": "change_contenttype"}}, {"model": "auth.permission", "pk": 19, "fields": {"name": "Can delete content type", "content_type": 5, "codename": "delete_contenttype"}}, {"model": "auth.permission", "pk": 20, "fields": {"name": "Can view content type", "content_type": 5, "codename": "view_contenttype"}}, {"model": "auth.permission", "pk": 21, "fields": {"name": "Can add session", "content_type": 6, "codename": "add_session"}}, {"model": "auth.permission", "pk": 22, "fields": {"name": "Can change session", "content_type": 6, "codename": "change_session"}}, {"model": "auth.permission", "pk": 23, "fields": {"name": "Can delete session", "content_type": 6, "codename": "delete_session"}}, {"model": "auth.permission", "pk": 24, "fields": {"name": "Can view session", "content_type": 6, "codename": "view_session"}}, {"model": "auth.permission", "pk": 25, "fields": {"name": "Can add property", "content_type": 7, "codename": "add_property"}}, {"model": "auth.permission", "pk": 26, "fields": {"name": "Can change property", "content_type": 7, "codename": "change_property"}}, {"model": "auth.permission", "pk": 27, "fields": {"name": "Can delete property", "content_type": 7, "codename": "delete_property"}}, {"model": "auth.permission", "pk": 28, "fields": {"name": "Can view property", "content_type": 7, "codename": "view_property"}}, {"model": "auth.permission", "pk": 29, "fields": {"name": "Can add comments", "content_type": 8, "codename": "add_comments"}}, {"model": "auth.permission", "pk": 30, "fields": {"name": "Can change comments", "content_type": 8, "codename": "change_comments"}}, {"model": "auth.permission", "pk": 31, "fields": {"name": "Can delete comments", "content_type": 8, "codename": "delete_comments"}}, {"model": "auth.permission", "pk": 32, "fields": {"name": "Can view comments", "content_type": 8, "codename": "view_comments"}}, {"model": "auth.permission", "pk": 33, "fields": {"name": "Can add details", "content_type": 9, "codename": "add_details"}}, {"model": "auth.permission", "pk": 34, "fields": {"name": "Can change details", "content_type": 9, "codename": "change_details"}}, {"model": "auth.permission", "pk": 35, "fields": {"name": "Can delete details", "content_type": 9, "codename": "delete_details"}}, {"model": "auth.permission", "pk": 36, "fields": {"name": "Can view details", "content_type": 9, "codename": "view_details"}}, {"model": "auth.permission", "pk": 37, "fields": {"name": "Can add action", "content_type": 10, "codename": "add_action"}}, {"model": "auth.permission", "pk": 38, "fields": {"name": "Can change action", "content_type": 10, "codename": "change_action"}}, {"model": "auth.permission", "pk": 39, "fields": {"name": "Can delete action", "content_type": 10, "codename": "delete_action"}}, {"model": "auth.permission", "pk": 40, "fields": {"name": "Can view action", "content_type": 10, "codename": "view_action"}}, {"model": "auth.user", "pk": 4, "fields": {"password": "pbkdf2_sha256$600000$lGRYy8Wzim3RaF0WDggoX3$DFUt5yxajycku5wQCpK/UnZncLtsGxwISlwXiCjdHDQ=", "last_login": null, "is_superuser": false, "username": "test1", "first_name": "", "last_name": "", "email": "test1@gmail.com", "is_staff": false, "is_active": true, "date_joined": "2023-11-17T21:12:25.367Z", "groups": [], "user_permissions": []}}, {"model": "auth.user", "pk": 6, "fields": {"password": "pbkdf2_sha256$600000$DxoZtNidrhDjWHyuWnxLKO$c9NalRapmc2q9cXlmioal9EhmV/c8nepKcJrO3sJ9Gw=", "last_login": null, "is_superuser": false, "username": "test123", "first_name": "", "last_name": "", "email": "test123@gmail.com", "is_staff": false, "is_active": true, "date_joined": "2023-11-17T21:18:03.162Z", "groups": [], "user_permissions": []}}, {"model": "auth.user", "pk": 7, "fields": {"password": "123", "last_login": null, "is_superuser": false, "username": "admin123", "first_name": "admingoodddd", "last_name": "adminbestttt", "email": "admin123@admin.com", "is_staff": false, "is_active": true, "date_joined": "2023-11-17T21:20:27.012Z", "groups": [], "user_permissions": []}}, {"model": "auth.user", "pk": 8, "fields": {"password": "pbkdf2_sha256$600000$Ep4eEAxq6VjbKR6GHH0Awh$DN5kycRfDNrn44uPdkLlyJ7CT9/PeqCk9IGGdZIHxk0=", "last_login": null, "is_superuser": false, "username": "test2", "first_name": "", "last_name": "", "email": "test@gmail.com", "is_staff": false, "is_active": true, "date_joined": "2023-11-18T02:27:35.055Z", "groups": [], "user_permissions": []}}, {"model": "auth.user", "pk": 9, "fields": {"password": "pbkdf2_sha256$600000$7fSa5KTJWfDTzRurF1h7qM$5Cn5r7cSsBuATbhNQs5rJATtBz5xMNSJZDpH+pypAXE=", "last_login": null, "is_superuser": false, "username": "test3", "first_name": "", "last_name": "", "email": "test3@gmail.com", "is_staff": false, "is_active": true, "date_joined": "2023-11-18T02:29:31.118Z", "groups": [], "user_permissions": []}}, {"model": "auth.user", "pk": 11, "fields": {"password": "pbkdf2_sha256$600000$zE2TF8Dh8t4cNWkyVFO0sE$5Hl6M/kfEn/2JnP7FtqXygasTMwhAUF6utbKGOTG+Vs=", "last_login": null, "is_superuser": false, "username": "test12345", "first_name": "tom", "last_name": "holland", "email": "test12345@gmail.com", "is_staff": false, "is_active": true, "date_joined": "2023-11-18T04:10:46.767Z", "groups": [], "user_permissions": []}}, {"model": "auth.user", "pk": 12, "fields": {"password": "123", "last_login": null, "is_superuser": false, "username": "aass", "first_name": "ss", "last_name": "gg", "email": "ss@gg", "is_staff": false, "is_active": true, "date_joined": "2023-11-19T04:48:47.460Z", "groups": [], "user_permissions": []}}, {"model": "auth.user", "pk": 13, "fields": {"password": "pbkdf2_sha256$600000$yIepl0jDTuQjdNM8IqmdXU$8FgymJyBY2QnZvt6483E+Cf92f/xhm6hZUe04GB1U7A=", "last_login": null, "is_superuser": false, "username": "test111", "first_name": "", "last_name": "", "email": "test111@gmail.com", "is_staff": false, "is_active": true, "date_joined": "2023-11-19T19:14:50.560Z", "groups": [], "user_permissions": []}}, {"model": "auth.user", "pk": 14, "fields": {"password": "pbkdf2_sha256$600000$TJdRr0GH2V03mXp7IIBVql$e4LnSi4kiXdbxXl5CGhB6N+HqgplJ3TYPF2ij9rHJGw=", "last_login": null, "is_superuser": false, "username": "rich111", "first_name": "richard", "last_name": "lee", "email": "rich111@gmail.com", "is_staff": false, "is_active": true, "date_joined": "2023-11-19T19:16:53.218Z", "groups": [], "user_permissions": []}}, {"model": "auth.user", "pk": 15, "fields": {"password": "pbkdf2_sha256$600000$o2s5ZrsB9o9xxlR1Z9XcDo$tb3pYxrnzQRfTFg6Vqp7RHSfy24MDpTOpJMeRSA4gO0=", "last_login": null, "is_superuser": false, "username": "regul", "first_name": "", "last_name": "", "email": "regul@gmail.com", "is_staff": false, "is_active": true, "date_joined": "2023-11-19T19:18:49.369Z", "groups": [], "user_permissions": []}}, {"model": "auth.user", "pk": 16, "fields": {"password": "pbkdf2_sha256$600000$kSadLeoJytQiy1k0eW9zbh$bfqGvQS5Na01mVhz+u0MldAm9dhCxFQuO4rirNy99Ss=", "last_login": null, "is_superuser": false, "username": "admin", "first_name": "Tommy", "last_name": "Holland", "email": "admin@admin.com", "is_staff": false, "is_active": true, "date_joined": "2023-11-19T19:19:31.223Z", "groups": [], "user_permissions": []}}, {"model": "auth.user", "pk": 17, "fields": {"password": "pbkdf2_sha256$600000$PhaUVy9ZTcM3WXwMxqYwqk$FzBoVPGpgq1BkK8Q+IWqhL5jKLprbkcS+Syf12IKhRA=", "last_login": null, "is_superuser": false, "username": "richard", "first_name": "Richard", "last_name": "Lee", "email": "richard@nova.com", "is_staff": false, "is_active": true, "date_joined": "2023-11-19T21:06:47.779Z", "groups": [], "user_permissions": []}}, {"model": "auth.user", "pk": 18, "fields": {"password": "pbkdf2_sha256$600000$mLLlDvbmttYqomh7rdTueZ$CY7jloJOfdlv1guwDqIXD+0TV+2xXQVSR0ppFK8IHjk=", "last_login": null, "is_superuser": false, "username": "nova", "first_name": "Ron", "last_name": "Halks", "email": "nova@email.com", "is_staff": false, "is_active": true, "date_joined": "2023-11-20T01:13:49.122Z", "groups": [], "user_permissions": []}}, {"model": "auth.user", "pk": 19, "fields": {"password": "pbkdf2_sha256$600000$p4dQjBgzI9kAw1vuBKFciH$jTJ3CneMVq0mWEMM1IGNGr6tLbfjRbW7KWCu2cKKm7k=", "last_login": null, "is_superuser": false, "username": "testlogin", "first_name": "", "last_name": "", "email": "testlogin@email.com", "is_staff": false, "is_active": true, "date_joined": "2023-11-20T01:28:50.412Z", "groups": [], "user_permissions": []}}, {"model": "contenttypes.contenttype", "pk": 1, "fields": {"app_label": "admin", "model": "logentry"}}, {"model": "contenttypes.contenttype", "pk": 2, "fields": {"app_label": "auth", "model": "permission"}}, {"model": "contenttypes.contenttype", "pk": 3, "fields": {"app_label": "auth", "model": "group"}}, {"model": "contenttypes.contenttype", "pk": 4, "fields": {"app_label": "auth", "model": "user"}}, {"model": "contenttypes.contenttype", "pk": 5, "fields": {"app_label": "contenttypes", "model": "contenttype"}}, {"model": "contenttypes.contenttype", "pk": 6, "fields": {"app_label": "sessions", "model": "session"}}, {"model": "contenttypes.contenttype", "pk": 7, "fields": {"app_label": "nova", "model": "property"}}, {"model": "contenttypes.contenttype", "pk": 8, "fields": {"app_label": "nova", "model": "comments"}}, {"model": "contenttypes.contenttype", "pk": 9, "fields": {"app_label": "users", "model": "details"}}, {"model": "contenttypes.contenttype", "pk": 10, "fields": {"app_label": "actions", "model": "action"}}, {"model": "nova.property", "pk": 47, "fields": {"house_name": "Wonderful Land", "city": "Tysons", "zip_code": 22181, "address": "7575, Cherries Rd., Tysons, VA 22181", "unit": 213, "floor": 2, "bedrooms_count": 2, "bathrooms_count": 1, "rent_cost": 2000, "size": 950, "initial_fee": 1200, "availability": true, "photo": "houses/wonderful-land-tysons-building.jpg", "description": "                                        \r\n                Unveiling Wonderful Land, a realm of comfort and convenience nestled at 7575 Cherries Rd., Tysons, VA. Priced at a modest $2000/month, this residence opens the doors to a living space where every detail is a testament to quality and care. Enclosed within its warm embrace are rooms that speak the language of comfort, ensuring each day you spend is wrapped in coziness. Its prime location in Tysons is a gateway to a multitude of amenities, simplifying your daily life with easy access to what the vibrant city has to offer. However, a word of caution for our international friends – the community may require some time to adapt to diverse international needs and expectations. Despite this, Wonderful Land stands as a beacon of comfort and convenience, making it a worthy consideration for your new home.\r\n                \r\n                ", "date_posted": "2023-11-19T04:05:21.373Z", "is_verified": false, "finding_rm": 0, "poster": "admin123", "user": 7}}, {"model": "nova.property", "pk": 51, "fields": {"house_name": "The Best Resort", "city": "Vienna", "zip_code": 22180, "address": "8989, Avocado Rd., Vienna, VA 22180", "unit": 311, "floor": 3, "bedrooms_count": 2, "bathrooms_count": 1, "rent_cost": 1200, "size": 800, "initial_fee": 1000, "availability": true, "photo": "houses/the-best-resort-falls-church-building_phElOqW.jpg", "description": "Cozy 1BR/1BA Apartment, perfect for International Students! Situated in the heart of Vienna, VA, this apartment offers a harmonious blend of convenience and charm. Surrounded by local cafes, parks, and cultural sites, you'll be part of a vibrant community. We understand the unique needs of international students and aim to make your transition smooth. This space is designed to be your home away from home. The apartment boasts a modern kitchen, spacious living room, and ample storage. Natural light floods the living areas, making for a warm and inviting atmosphere.\r\n                ", "date_posted": "2023-11-19T20:32:06.435Z", "is_verified": false, "finding_rm": 0, "poster": "admin", "user": 16}}, {"model": "nova.property", "pk": 56, "fields": {"house_name": "Comfort Fairfax", "city": "Fairfax", "zip_code": 22123, "address": "5566 Blueberry St., Fairfax, VA 22123", "unit": 605, "floor": 6, "bedrooms_count": 2, "bathrooms_count": 2, "rent_cost": 2300, "size": 980, "initial_fee": 1800, "availability": false, "photo": "houses/comfort-apartment-fairfax_RjivOCB.jpg", "description": "Experience the comfort and ease of living at Comfort Fairfax. For $2300/month, indulge in a residence that effortlessly combines convenience and style. Ideally situated in Fairfax, VA, this home ensures that you are closely connected to a multitude of amenities, enhancing your daily living experience. Please note that while the property has much to offer, international students may find the community atmosphere to be less accommodating. Choose Comfort Fairfax for a thoughtful blend of location and design in your new home.", "date_posted": "2023-11-19T21:10:48.303Z", "is_verified": false, "finding_rm": 0, "poster": "richard", "user": 17}}, {"model": "nova.property", "pk": 58, "fields": {"house_name": "Vantage Mosaic", "city": "Falls Church", "zip_code": 22042, "address": "8191 Strawberry Ln, Falls Church, VA 22180", "unit": 123, "floor": 1, "bedrooms_count": 2, "bathrooms_count": 3, "rent_cost": 3200, "size": 1000, "initial_fee": 2000, "availability": true, "photo": "houses/vantage-mosaic_yk7urE6.jpg", "description": "Vantage mosaic is located at Mosaic District, plenty of foods and fun events. Very comfortable.", "date_posted": "2023-11-19T21:55:39.873Z", "is_verified": false, "finding_rm": 0, "poster": "richard", "user": 17}}, {"model": "nova.comments", "pk": 121, "fields": {"property": 47, "poster": "", "user": 7, "international_friendly": true, "content": "good to go!", "rating": 5, "finding_rm": true, "date_posted": "2023-11-19T04:38:07.134Z"}}, {"model": "nova.comments", "pk": 122, "fields": {"property": 47, "poster": "", "user": 12, "international_friendly": true, "content": "not bad at all!!!", "rating": 4, "finding_rm": false, "date_posted": "2023-11-19T04:49:13.825Z"}}, {"model": "nova.comments", "pk": 123, "fields": {"property": 47, "poster": "", "user": 16, "international_friendly": false, "content": "It's not wonderful, it is decent", "rating": 3, "finding_rm": false, "date_posted": "2023-11-19T20:33:10.974Z"}}, {"model": "nova.comments", "pk": 124, "fields": {"property": 51, "poster": "", "user": 16, "international_friendly": true, "content": "I am the first one!!!", "rating": 3, "finding_rm": true, "date_posted": "2023-11-19T20:36:13.501Z"}}, {"model": "nova.comments", "pk": 140, "fields": {"property": 47, "poster": "", "user": 16, "international_friendly": true, "content": "asd", "rating": 5, "finding_rm": true, "date_posted": "2023-11-19T21:01:56.380Z"}}, {"model": "nova.comments", "pk": 141, "fields": {"property": 51, "poster": "", "user": 17, "international_friendly": true, "content": "Not bad at all, very quiet, but kind of old. Just OK", "rating": 4, "finding_rm": true, "date_posted": "2023-11-19T21:07:25.534Z"}}, {"model": "nova.comments", "pk": 143, "fields": {"property": 56, "poster": "", "user": 16, "international_friendly": true, "content": "I like this", "rating": 5, "finding_rm": true, "date_posted": "2023-11-19T21:41:37.937Z"}}, {"model": "nova.comments", "pk": 144, "fields": {"property": 58, "poster": "", "user": 16, "international_friendly": true, "content": "aa", "rating": 5, "finding_rm": true, "date_posted": "2023-11-19T21:56:29.075Z"}}, {"model": "nova.comments", "pk": 145, "fields": {"property": 58, "poster": "", "user": 17, "international_friendly": true, "content": "Good food and people", "rating": 4, "finding_rm": true, "date_posted": "2023-11-19T23:19:05.891Z"}}, {"model": "nova.comments", "pk": 148, "fields": {"property": 56, "poster": "", "user": 18, "international_friendly": true, "content": "I like the view, amazing", "rating": 4, "finding_rm": false, "date_posted": "2023-11-20T01:14:38.635Z"}}, {"model": "nova.comments", "pk": 149, "fields": {"property": 58, "poster": "", "user": 18, "international_friendly": true, "content": "Coffee shop is nice", "rating": 5, "finding_rm": true, "date_posted": "2023-11-20T01:18:25.028Z"}}, {"model": "nova.comments", "pk": 150, "fields": {"property": 51, "poster": "", "user": 16, "international_friendly": false, "content": "It doesn't look good, kind of old", "rating": 3, "finding_rm": false, "date_posted": "2023-11-20T01:24:42.726Z"}}, {"model": "nova.comments", "pk": 151, "fields": {"property": 56, "poster": "", "user": 19, "international_friendly": true, "content": "I hate front desk", "rating": 2, "finding_rm": true, "date_posted": "2023-11-20T01:29:24.113Z"}}, {"model": "users.details", "pk": 1, "fields": {"user": 4, "role": "regular", "subscription": false}}, {"model": "users.details", "pk": 2, "fields": {"user": 6, "role": "regular", "subscription": false}}, {"model": "users.details", "pk": 3, "fields": {"user": 7, "role": "admin", "subscription": true}}, {"model": "users.details", "pk": 4, "fields": {"user": 8, "role": "regular", "subscription": false}}, {"model": "users.details", "pk": 5, "fields": {"user": 9, "role": "regular", "subscription": false}}, {"model": "users.details", "pk": 6, "fields": {"user": 11, "role": "regular", "subscription": false}}, {"model": "users.details", "pk": 7, "fields": {"user": 12, "role": "regular", "subscription": false}}, {"model": "users.details", "pk": 8, "fields": {"user": 13, "role": "regular", "subscription": false}}, {"model": "users.details", "pk": 9, "fields": {"user": 14, "role": "admin", "subscription": false}}, {"model": "users.details", "pk": 10, "fields": {"user": 15, "role": "regular", "subscription": false}}, {"model": "users.details", "pk": 11, "fields": {"user": 16, "role": "admin", "subscription": false}}, {"model": "users.details", "pk": 12, "fields": {"user": 17, "role": "regular", "subscription": true}}, {"model": "users.details", "pk": 13, "fields": {"user": 18, "role": "regular", "subscription": true}}, {"model": "users.details", "pk": 14, "fields": {"user": 19, "role": "regular", "subscription": false}}, {"model": "actions.action", "pk": 3, "fields": {"user": 11, "verb": "posted a new review", "target_ct": 8, "target_id": 74, "deleted_house_name": "", "created": "2023-11-18T21:21:29.277Z"}}, {"model": "actions.action", "pk": 4, "fields": {"user": 11, "verb": "posted a new review", "target_ct": 8, "target_id": 75, "deleted_house_name": "", "created": "2023-11-18T21:21:32.198Z"}}, {"model": "actions.action", "pk": 5, "fields": {"user": 11, "verb": "posted a new review", "target_ct": 8, "target_id": 76, "deleted_house_name": "", "created": "2023-11-18T21:21:47.491Z"}}, {"model": "actions.action", "pk": 6, "fields": {"user": 11, "verb": "edited the house", "target_ct": 7, "target_id": 42, "deleted_house_name": "", "created": "2023-11-18T21:56:16.722Z"}}, {"model": "actions.action", "pk": 7, "fields": {"user": 11, "verb": "posted a new review", "target_ct": 8, "target_id": 77, "deleted_house_name": "", "created": "2023-11-18T21:56:23.295Z"}}, {"model": "actions.action", "pk": 8, "fields": {"user": 11, "verb": "edited the review", "target_ct": 8, "target_id": 75, "deleted_house_name": "", "created": "2023-11-18T21:59:14.392Z"}}, {"model": "actions.action", "pk": 9, "fields": {"user": 11, "verb": "posted a new review", "target_ct": 7, "target_id": 42, "deleted_house_name": "", "created": "2023-11-18T22:02:22.506Z"}}, {"model": "actions.action", "pk": 10, "fields": {"user": 11, "verb": "posted a new review", "target_ct": 7, "target_id": 42, "deleted_house_name": "", "created": "2023-11-18T22:05:30.648Z"}}, {"model": "actions.action", "pk": 11, "fields": {"user": 11, "verb": "posted a new review", "target_ct": 7, "target_id": 42, "deleted_house_name": "", "created": "2023-11-18T22:06:59.042Z"}}, {"model": "actions.action", "pk": 12, "fields": {"user": 11, "verb": "posted a new review", "target_ct": 7, "target_id": 42, "deleted_house_name": "", "created": "2023-11-18T22:07:06.449Z"}}, {"model": "actions.action", "pk": 13, "fields": {"user": 11, "verb": "posted a new review", "target_ct": 7, "target_id": 42, "deleted_house_name": "", "created": "2023-11-18T22:07:07.537Z"}}, {"model": "actions.action", "pk": 14, "fields": {"user": 11, "verb": "posted a new review", "target_ct": 7, "target_id": 42, "deleted_house_name": "", "created": "2023-11-18T22:07:15.337Z"}}, {"model": "actions.action", "pk": 15, "fields": {"user": 11, "verb": "posted a new review", "target_ct": 7, "target_id": 42, "deleted_house_name": "", "created": "2023-11-18T22:07:25.676Z"}}, {"model": "actions.action", "pk": 16, "fields": {"user": 11, "verb": "posted a new review", "target_ct": 7, "target_id": 42, "deleted_house_name": "", "created": "2023-11-18T22:07:26.181Z"}}, {"model": "actions.action", "pk": 17, "fields": {"user": 11, "verb": "posted a new review", "target_ct": 7, "target_id": 42, "deleted_house_name": "", "created": "2023-11-18T22:07:26.353Z"}}, {"model": "actions.action", "pk": 18, "fields": {"user": 11, "verb": "posted a new review", "target_ct": 7, "target_id": 42, "deleted_house_name": "", "created": "2023-11-18T22:07:26.543Z"}}, {"model": "actions.action", "pk": 19, "fields": {"user": 11, "verb": "posted a new review", "target_ct": 7, "target_id": 42, "deleted_house_name": "", "created": "2023-11-18T22:07:26.711Z"}}, {"model": "actions.action", "pk": 20, "fields": {"user": 11, "verb": "posted a new review", "target_ct": 7, "target_id": 42, "deleted_house_name": "", "created": "2023-11-18T22:07:26.884Z"}}, {"model": "actions.action", "pk": 21, "fields": {"user": 11, "verb": "posted a new review", "target_ct": 7, "target_id": 42, "deleted_house_name": "", "created": "2023-11-18T22:07:27.058Z"}}, {"model": "actions.action", "pk": 22, "fields": {"user": 11, "verb": "posted a new review", "target_ct": 7, "target_id": 42, "deleted_house_name": "", "created": "2023-11-18T22:07:27.236Z"}}, {"model": "actions.action", "pk": 23, "fields": {"user": 11, "verb": "posted a new review", "target_ct": 7, "target_id": 42, "deleted_house_name": "", "created": "2023-11-18T22:07:27.431Z"}}, {"model": "actions.action", "pk": 24, "fields": {"user": 11, "verb": "posted a new review", "target_ct": 7, "target_id": 42, "deleted_house_name": "", "created": "2023-11-18T22:07:37.028Z"}}, {"model": "actions.action", "pk": 25, "fields": {"user": 11, "verb": "posted a new review", "target_ct": 7, "target_id": 42, "deleted_house_name": "", "created": "2023-11-18T22:07:51.520Z"}}, {"model": "actions.action", "pk": 26, "fields": {"user": 11, "verb": "posted a new review", "target_ct": 7, "target_id": 42, "deleted_house_name": "", "created": "2023-11-18T22:09:28.353Z"}}, {"model": "actions.action", "pk": 27, "fields": {"user": 11, "verb": "posted a new review", "target_ct": 7, "target_id": 42, "deleted_house_name": "", "created": "2023-11-18T22:09:55.857Z"}}, {"model": "actions.action", "pk": 28, "fields": {"user": 11, "verb": "posted a new review", "target_ct": 7, "target_id": 42, "deleted_house_name": "", "created": "2023-11-18T22:13:50.482Z"}}, {"model": "actions.action", "pk": 29, "fields": {"user": 11, "verb": "posted a new review", "target_ct": 7, "target_id": 42, "deleted_house_name": "", "created": "2023-11-18T22:18:54.686Z"}}, {"model": "actions.action", "pk": 30, "fields": {"user": 11, "verb": "posted a new review", "target_ct": 7, "target_id": 42, "deleted_house_name": "", "created": "2023-11-18T22:23:01.489Z"}}, {"model": "actions.action", "pk": 31, "fields": {"user": 11, "verb": "posted a new review", "target_ct": 7, "target_id": 42, "deleted_house_name": "", "created": "2023-11-18T22:24:14.248Z"}}, {"model": "actions.action", "pk": 32, "fields": {"user": 11, "verb": "posted a new review", "target_ct": 7, "target_id": 42, "deleted_house_name": "", "created": "2023-11-18T22:25:09.992Z"}}, {"model": "actions.action", "pk": 33, "fields": {"user": 11, "verb": "posted a new review", "target_ct": 7, "target_id": 42, "deleted_house_name": "", "created": "2023-11-18T22:26:36.646Z"}}, {"model": "actions.action", "pk": 34, "fields": {"user": 11, "verb": "deleted the review", "target_ct": 7, "target_id": 42, "deleted_house_name": "", "created": "2023-11-18T22:37:34.299Z"}}, {"model": "actions.action", "pk": 35, "fields": {"user": 11, "verb": "edited the review", "target_ct": 7, "target_id": 42, "deleted_house_name": "", "created": "2023-11-18T22:42:05.428Z"}}, {"model": "actions.action", "pk": 36, "fields": {"user": 11, "verb": "edited the house", "target_ct": 7, "target_id": 42, "deleted_house_name": "", "created": "2023-11-18T22:42:27.221Z"}}, {"model": "actions.action", "pk": 37, "fields": {"user": 7, "verb": "deleted the review", "target_ct": 7, "target_id": 42, "deleted_house_name": "", "created": "2023-11-19T02:39:07.377Z"}}, {"model": "actions.action", "pk": 38, "fields": {"user": 7, "verb": "deleted the review", "target_ct": 7, "target_id": 42, "deleted_house_name": "", "created": "2023-11-19T02:39:09.329Z"}}, {"model": "actions.action", "pk": 39, "fields": {"user": 7, "verb": "deleted the review", "target_ct": 7, "target_id": 42, "deleted_house_name": "", "created": "2023-11-19T02:39:11.299Z"}}, {"model": "actions.action", "pk": 40, "fields": {"user": 7, "verb": "deleted the review", "target_ct": 7, "target_id": 42, "deleted_house_name": "", "created": "2023-11-19T02:39:13.143Z"}}, {"model": "actions.action", "pk": 41, "fields": {"user": 7, "verb": "deleted the review", "target_ct": 7, "target_id": 42, "deleted_house_name": "", "created": "2023-11-19T02:39:15.151Z"}}, {"model": "actions.action", "pk": 42, "fields": {"user": 7, "verb": "deleted the review", "target_ct": 7, "target_id": 42, "deleted_house_name": "", "created": "2023-11-19T02:39:17.083Z"}}, {"model": "actions.action", "pk": 43, "fields": {"user": 7, "verb": "deleted the review", "target_ct": 7, "target_id": 42, "deleted_house_name": "", "created": "2023-11-19T02:39:19.043Z"}}, {"model": "actions.action", "pk": 44, "fields": {"user": 7, "verb": "posted a new review", "target_ct": 7, "target_id": 42, "deleted_house_name": "", "created": "2023-11-19T02:41:34.833Z"}}, {"model": "actions.action", "pk": 45, "fields": {"user": 7, "verb": "deleted the review", "target_ct": 7, "target_id": 42, "deleted_house_name": "", "created": "2023-11-19T02:41:38.450Z"}}, {"model": "actions.action", "pk": 46, "fields": {"user": 7, "verb": "edited the review", "target_ct": 7, "target_id": 42, "deleted_house_name": "", "created": "2023-11-19T02:41:43.774Z"}}, {"model": "actions.action", "pk": 47, "fields": {"user": 7, "verb": "deleted the review", "target_ct": 7, "target_id": 41, "deleted_house_name": "", "created": "2023-11-19T03:22:23.970Z"}}, {"model": "actions.action", "pk": 48, "fields": {"user": 7, "verb": "deleted the review", "target_ct": 7, "target_id": 41, "deleted_house_name": "", "created": "2023-11-19T03:22:53.788Z"}}, {"model": "actions.action", "pk": 49, "fields": {"user": 7, "verb": "posted a new review", "target_ct": 7, "target_id": 41, "deleted_house_name": "", "created": "2023-11-19T03:26:57.475Z"}}, {"model": "actions.action", "pk": 50, "fields": {"user": 7, "verb": "deleted the review", "target_ct": 7, "target_id": 41, "deleted_house_name": "", "created": "2023-11-19T03:27:51.570Z"}}, {"model": "actions.action", "pk": 51, "fields": {"user": 7, "verb": "posted a new review", "target_ct": 7, "target_id": 41, "deleted_house_name": "", "created": "2023-11-19T03:29:04.703Z"}}, {"model": "actions.action", "pk": 52, "fields": {"user": 7, "verb": "deleted the review", "target_ct": 7, "target_id": 41, "deleted_house_name": "", "created": "2023-11-19T03:30:52.990Z"}}, {"model": "actions.action", "pk": 53, "fields": {"user": 7, "verb": "posted a new review", "target_ct": 7, "target_id": 41, "deleted_house_name": "", "created": "2023-11-19T03:30:56.217Z"}}, {"model": "actions.action", "pk": 54, "fields": {"user": 7, "verb": "deleted the review", "target_ct": 7, "target_id": 41, "deleted_house_name": "", "created": "2023-11-19T03:32:48.509Z"}}, {"model": "actions.action", "pk": 55, "fields": {"user": 7, "verb": "posted a new review", "target_ct": 7, "target_id": 41, "deleted_house_name": "", "created": "2023-11-19T03:32:51.194Z"}}, {"model": "actions.action", "pk": 56, "fields": {"user": 7, "verb": "posted a new review", "target_ct": 7, "target_id": 41, "deleted_house_name": "", "created": "2023-11-19T03:34:11.340Z"}}, {"model": "actions.action", "pk": 57, "fields": {"user": 7, "verb": "posted a new review", "target_ct": 7, "target_id": 41, "deleted_house_name": "", "created": "2023-11-19T03:34:19.564Z"}}, {"model": "actions.action", "pk": 58, "fields": {"user": 7, "verb": "deleted the review", "target_ct": 7, "target_id": 41, "deleted_house_name": "", "created": "2023-11-19T03:37:53.184Z"}}, {"model": "actions.action", "pk": 59, "fields": {"user": 7, "verb": "posted a new review", "target_ct": 7, "target_id": 41, "deleted_house_name": "", "created": "2023-11-19T03:37:55.967Z"}}, {"model": "actions.action", "pk": 60, "fields": {"user": 7, "verb": "posted a new review", "target_ct": 7, "target_id": 41, "deleted_house_name": "", "created": "2023-11-19T03:39:15.075Z"}}, {"model": "actions.action", "pk": 61, "fields": {"user": 7, "verb": "posted a new review", "target_ct": 7, "target_id": 41, "deleted_house_name": "", "created": "2023-11-19T03:39:31.056Z"}}, {"model": "actions.action", "pk": 62, "fields": {"user": 7, "verb": "posted a new review", "target_ct": 7, "target_id": 41, "deleted_house_name": "", "created": "2023-11-19T03:40:46.386Z"}}, {"model": "actions.action", "pk": 63, "fields": {"user": 7, "verb": "posted a new review", "target_ct": 7, "target_id": 41, "deleted_house_name": "", "created": "2023-11-19T03:43:46.076Z"}}, {"model": "actions.action", "pk": 64, "fields": {"user": 7, "verb": "posted a new review", "target_ct": 7, "target_id": 41, "deleted_house_name": "", "created": "2023-11-19T03:44:05.805Z"}}, {"model": "actions.action", "pk": 65, "fields": {"user": 7, "verb": "posted a new review", "target_ct": 7, "target_id": 41, "deleted_house_name": "", "created": "2023-11-19T03:45:24.187Z"}}, {"model": "actions.action", "pk": 66, "fields": {"user": 7, "verb": "posted a new review", "target_ct": 7, "target_id": 41, "deleted_house_name": "", "created": "2023-11-19T03:45:40.628Z"}}, {"model": "actions.action", "pk": 67, "fields": {"user": 7, "verb": "deleted the review", "target_ct": 7, "target_id": 41, "deleted_house_name": "", "created": "2023-11-19T03:50:16.065Z"}}, {"model": "actions.action", "pk": 68, "fields": {"user": 7, "verb": "deleted the review", "target_ct": 7, "target_id": 41, "deleted_house_name": "", "created": "2023-11-19T03:50:17.832Z"}}, {"model": "actions.action", "pk": 69, "fields": {"user": 7, "verb": "deleted the review", "target_ct": 7, "target_id": 41, "deleted_house_name": "", "created": "2023-11-19T03:50:24.052Z"}}, {"model": "actions.action", "pk": 70, "fields": {"user": 7, "verb": "edited the review", "target_ct": 7, "target_id": 41, "deleted_house_name": "", "created": "2023-11-19T03:50:40.092Z"}}, {"model": "actions.action", "pk": 71, "fields": {"user": 7, "verb": "changed the role of", "target_ct": 4, "target_id": 11, "deleted_house_name": "", "created": "2023-11-19T04:00:33.089Z"}}, {"model": "actions.action", "pk": 72, "fields": {"user": 7, "verb": "posted a new house", "target_ct": 7, "target_id": 43, "deleted_house_name": "", "created": "2023-11-19T04:03:20.160Z"}}, {"model": "actions.action", "pk": 77, "fields": {"user": 7, "verb": "posted a new review", "target_ct": 7, "target_id": 42, "deleted_house_name": "", "created": "2023-11-19T04:06:31.552Z"}}, {"model": "actions.action", "pk": 78, "fields": {"user": 7, "verb": "deleted the review", "target_ct": 7, "target_id": 42, "deleted_house_name": "", "created": "2023-11-19T04:06:33.415Z"}}, {"model": "actions.action", "pk": 82, "fields": {"user": 7, "verb": "posted a new house", "target_ct": 7, "target_id": 49, "deleted_house_name": "", "created": "2023-11-19T04:21:36.921Z"}}, {"model": "actions.action", "pk": 84, "fields": {"user": 7, "verb": "posted a new house", "target_ct": 7, "target_id": 50, "deleted_house_name": "", "created": "2023-11-19T04:30:38.873Z"}}, {"model": "actions.action", "pk": 85, "fields": {"user": 7, "verb": "deleted the house", "target_ct": 7, "target_id": 50, "deleted_house_name": "asd", "created": "2023-11-19T04:35:09.838Z"}}, {"model": "actions.action", "pk": 86, "fields": {"user": 7, "verb": "posted a new review", "target_ct": 7, "target_id": 47, "deleted_house_name": "", "created": "2023-11-19T04:37:07.447Z"}}, {"model": "actions.action", "pk": 87, "fields": {"user": 7, "verb": "posted a new review", "target_ct": 7, "target_id": 47, "deleted_house_name": "", "created": "2023-11-19T04:37:56.995Z"}}, {"model": "actions.action", "pk": 88, "fields": {"user": 7, "verb": "posted a new review", "target_ct": 7, "target_id": 47, "deleted_house_name": "", "created": "2023-11-19T04:38:07.137Z"}}, {"model": "actions.action", "pk": 89, "fields": {"user": 7, "verb": "deleted the review", "target_ct": 7, "target_id": 47, "deleted_house_name": "", "created": "2023-11-19T04:38:18.168Z"}}, {"model": "actions.action", "pk": 90, "fields": {"user": 7, "verb": "deleted the review", "target_ct": 7, "target_id": 47, "deleted_house_name": "", "created": "2023-11-19T04:38:19.770Z"}}, {"model": "actions.action", "pk": 91, "fields": {"user": 7, "verb": "edited the review", "target_ct": 7, "target_id": 47, "deleted_house_name": "", "created": "2023-11-19T04:38:27.132Z"}}, {"model": "actions.action", "pk": 92, "fields": {"user": 12, "verb": "posted a new review", "target_ct": 7, "target_id": 47, "deleted_house_name": "", "created": "2023-11-19T04:49:13.831Z"}}, {"model": "actions.action", "pk": 93, "fields": {"user": 12, "verb": "edited the review", "target_ct": 7, "target_id": 47, "deleted_house_name": "", "created": "2023-11-19T04:49:21.094Z"}}, {"model": "actions.action", "pk": 94, "fields": {"user": 14, "verb": "changed the role of", "target_ct": 4, "target_id": 14, "deleted_house_name": "", "created": "2023-11-19T19:17:26.516Z"}}, {"model": "actions.action", "pk": 95, "fields": {"user": 16, "verb": "posted a new house", "target_ct": 7, "target_id": 51, "deleted_house_name": "", "created": "2023-11-19T20:32:06.443Z"}}, {"model": "actions.action", "pk": 96, "fields": {"user": 16, "verb": "posted a new review", "target_ct": 7, "target_id": 47, "deleted_house_name": "", "created": "2023-11-19T20:33:10.977Z"}}, {"model": "actions.action", "pk": 97, "fields": {"user": 16, "verb": "edited the house description", "target_ct": 7, "target_id": 51, "deleted_house_name": "", "created": "2023-11-19T20:33:36.676Z"}}, {"model": "actions.action", "pk": 98, "fields": {"user": 16, "verb": "edited the house description", "target_ct": 7, "target_id": 51, "deleted_house_name": "", "created": "2023-11-19T20:35:31.853Z"}}, {"model": "actions.action", "pk": 99, "fields": {"user": 16, "verb": "edited the house description", "target_ct": 7, "target_id": 51, "deleted_house_name": "", "created": "2023-11-19T20:35:54.543Z"}}, {"model": "actions.action", "pk": 100, "fields": {"user": 16, "verb": "posted a new review", "target_ct": 7, "target_id": 51, "deleted_house_name": "", "created": "2023-11-19T20:36:13.521Z"}}, {"model": "actions.action", "pk": 101, "fields": {"user": 16, "verb": "posted a new review", "target_ct": 7, "target_id": 51, "deleted_house_name": "", "created": "2023-11-19T20:36:45.490Z"}}, {"model": "actions.action", "pk": 102, "fields": {"user": 16, "verb": "deleted the review", "target_ct": 7, "target_id": 51, "deleted_house_name": "", "created": "2023-11-19T20:37:10.901Z"}}, {"model": "actions.action", "pk": 103, "fields": {"user": 16, "verb": "posted a new review", "target_ct": 7, "target_id": 51, "deleted_house_name": "", "created": "2023-11-19T20:37:25.140Z"}}, {"model": "actions.action", "pk": 104, "fields": {"user": 16, "verb": "deleted the review", "target_ct": 7, "target_id": 51, "deleted_house_name": "", "created": "2023-11-19T20:37:27.379Z"}}, {"model": "actions.action", "pk": 105, "fields": {"user": 16, "verb": "posted a new house", "target_ct": 7, "target_id": 52, "deleted_house_name": "", "created": "2023-11-19T20:37:53.820Z"}}, {"model": "actions.action", "pk": 106, "fields": {"user": 16, "verb": "deleted the house", "target_ct": 7, "target_id": 52, "deleted_house_name": "q", "created": "2023-11-19T20:43:11.475Z"}}, {"model": "actions.action", "pk": 107, "fields": {"user": 16, "verb": "posted a new house", "target_ct": 7, "target_id": 53, "deleted_house_name": "", "created": "2023-11-19T20:43:59.851Z"}}, {"model": "actions.action", "pk": 108, "fields": {"user": 16, "verb": "edited the house title", "target_ct": 7, "target_id": 53, "deleted_house_name": "", "created": "2023-11-19T20:44:15.722Z"}}, {"model": "actions.action", "pk": 109, "fields": {"user": 16, "verb": "posted a new review", "target_ct": 7, "target_id": 53, "deleted_house_name": "", "created": "2023-11-19T20:44:31.863Z"}}, {"model": "actions.action", "pk": 110, "fields": {"user": 16, "verb": "posted a new review", "target_ct": 7, "target_id": 53, "deleted_house_name": "", "created": "2023-11-19T20:48:16.081Z"}}, {"model": "actions.action", "pk": 111, "fields": {"user": 16, "verb": "posted a new review", "target_ct": 7, "target_id": 53, "deleted_house_name": "", "created": "2023-11-19T20:48:21.241Z"}}, {"model": "actions.action", "pk": 112, "fields": {"user": 16, "verb": "deleted the review", "target_ct": 7, "target_id": 53, "deleted_house_name": "", "created": "2023-11-19T20:48:31.452Z"}}, {"model": "actions.action", "pk": 113, "fields": {"user": 16, "verb": "posted a new house", "target_ct": 7, "target_id": 54, "deleted_house_name": "", "created": "2023-11-19T20:49:46.448Z"}}, {"model": "actions.action", "pk": 114, "fields": {"user": 16, "verb": "posted a new review", "target_ct": 7, "target_id": 54, "deleted_house_name": "", "created": "2023-11-19T20:49:48.870Z"}}, {"model": "actions.action", "pk": 115, "fields": {"user": 16, "verb": "posted a new review", "target_ct": 7, "target_id": 54, "deleted_house_name": "", "created": "2023-11-19T20:49:50.583Z"}}, {"model": "actions.action", "pk": 116, "fields": {"user": 16, "verb": "posted a new review", "target_ct": 7, "target_id": 54, "deleted_house_name": "", "created": "2023-11-19T20:49:51.020Z"}}, {"model": "actions.action", "pk": 117, "fields": {"user": 16, "verb": "posted a new review", "target_ct": 7, "target_id": 54, "deleted_house_name": "", "created": "2023-11-19T20:49:51.212Z"}}, {"model": "actions.action", "pk": 118, "fields": {"user": 16, "verb": "posted a new review", "target_ct": 7, "target_id": 54, "deleted_house_name": "", "created": "2023-11-19T20:49:51.389Z"}}, {"model": "actions.action", "pk": 119, "fields": {"user": 16, "verb": "posted a new review", "target_ct": 7, "target_id": 54, "deleted_house_name": "", "created": "2023-11-19T20:49:51.542Z"}}, {"model": "actions.action", "pk": 120, "fields": {"user": 16, "verb": "posted a new review", "target_ct": 7, "target_id": 54, "deleted_house_name": "", "created": "2023-11-19T20:58:37.761Z"}}, {"model": "actions.action", "pk": 121, "fields": {"user": 16, "verb": "deleted the review", "target_ct": 7, "target_id": 54, "deleted_house_name": "", "created": "2023-11-19T20:58:40.471Z"}}, {"model": "actions.action", "pk": 122, "fields": {"user": 16, "verb": "posted a new house", "target_ct": 7, "target_id": 55, "deleted_house_name": "", "created": "2023-11-19T20:59:00.736Z"}}, {"model": "actions.action", "pk": 123, "fields": {"user": 16, "verb": "posted a new review", "target_ct": 7, "target_id": 55, "deleted_house_name": "", "created": "2023-11-19T20:59:03.388Z"}}, {"model": "actions.action", "pk": 124, "fields": {"user": 16, "verb": "posted a new review", "target_ct": 7, "target_id": 55, "deleted_house_name": "", "created": "2023-11-19T20:59:12.199Z"}}, {"model": "actions.action", "pk": 125, "fields": {"user": 16, "verb": "posted a new review", "target_ct": 7, "target_id": 55, "deleted_house_name": "", "created": "2023-11-19T20:59:21.642Z"}}, {"model": "actions.action", "pk": 126, "fields": {"user": 16, "verb": "deleted the house", "target_ct": 7, "target_id": 54, "deleted_house_name": "a", "created": "2023-11-19T21:00:31.596Z"}}, {"model": "actions.action", "pk": 127, "fields": {"user": 16, "verb": "deleted the house", "target_ct": 7, "target_id": 55, "deleted_house_name": "b", "created": "2023-11-19T21:00:36.687Z"}}, {"model": "actions.action", "pk": 128, "fields": {"user": 16, "verb": "posted a new review", "target_ct": 7, "target_id": 47, "deleted_house_name": "", "created": "2023-11-19T21:01:56.387Z"}}, {"model": "actions.action", "pk": 129, "fields": {"user": 16, "verb": "deleted the house", "target_ct": 7, "target_id": 53, "deleted_house_name": "abvc", "created": "2023-11-19T21:02:05.978Z"}}, {"model": "actions.action", "pk": 130, "fields": {"user": 16, "verb": "edited the review", "target_ct": 7, "target_id": 51, "deleted_house_name": "", "created": "2023-11-19T21:02:32.829Z"}}, {"model": "actions.action", "pk": 131, "fields": {"user": 17, "verb": "posted a new review", "target_ct": 7, "target_id": 51, "deleted_house_name": "", "created": "2023-11-19T21:07:25.537Z"}}, {"model": "actions.action", "pk": 132, "fields": {"user": 17, "verb": "edited the review", "target_ct": 7, "target_id": 51, "deleted_house_name": "", "created": "2023-11-19T21:07:54.630Z"}}, {"model": "actions.action", "pk": 133, "fields": {"user": 17, "verb": "posted a new review", "target_ct": 7, "target_id": 47, "deleted_house_name": "", "created": "2023-11-19T21:08:28.159Z"}}, {"model": "actions.action", "pk": 134, "fields": {"user": 17, "verb": "deleted the review", "target_ct": 7, "target_id": 47, "deleted_house_name": "", "created": "2023-11-19T21:08:29.964Z"}}, {"model": "actions.action", "pk": 135, "fields": {"user": 17, "verb": "posted a new house", "target_ct": 7, "target_id": 56, "deleted_house_name": "", "created": "2023-11-19T21:10:48.308Z"}}, {"model": "actions.action", "pk": 136, "fields": {"user": 17, "verb": "edited the house description", "target_ct": 7, "target_id": 56, "deleted_house_name": "", "created": "2023-11-19T21:11:29.934Z"}}, {"model": "actions.action", "pk": 137, "fields": {"user": 17, "verb": "posted a new house", "target_ct": 7, "target_id": 57, "deleted_house_name": "", "created": "2023-11-19T21:12:00.065Z"}}, {"model": "actions.action", "pk": 138, "fields": {"user": 17, "verb": "deleted the house", "target_ct": 7, "target_id": 57, "deleted_house_name": "ss", "created": "2023-11-19T21:21:41.492Z"}}, {"model": "actions.action", "pk": 139, "fields": {"user": 16, "verb": "posted a new review", "target_ct": 7, "target_id": 56, "deleted_house_name": "", "created": "2023-11-19T21:41:37.943Z"}}, {"model": "actions.action", "pk": 140, "fields": {"user": 17, "verb": "posted a new house", "target_ct": 7, "target_id": 58, "deleted_house_name": "", "created": "2023-11-19T21:55:39.876Z"}}, {"model": "actions.action", "pk": 141, "fields": {"user": 17, "verb": "edited the house title", "target_ct": 7, "target_id": 58, "deleted_house_name": "", "created": "2023-11-19T21:56:05.110Z"}}, {"model": "actions.action", "pk": 142, "fields": {"user": 16, "verb": "posted a new review", "target_ct": 7, "target_id": 58, "deleted_house_name": "", "created": "2023-11-19T21:56:29.079Z"}}, {"model": "actions.action", "pk": 143, "fields": {"user": 16, "verb": "changed the role of", "target_ct": 4, "target_id": 17, "deleted_house_name": "", "created": "2023-11-19T22:04:51.198Z"}}, {"model": "actions.action", "pk": 144, "fields": {"user": 16, "verb": "changed the role of", "target_ct": 4, "target_id": 17, "deleted_house_name": "", "created": "2023-11-19T22:10:10.099Z"}}, {"model": "actions.action", "pk": 145, "fields": {"user": 17, "verb": "edited the house title", "target_ct": 7, "target_id": 58, "deleted_house_name": "", "created": "2023-11-19T23:18:36.374Z"}}, {"model": "actions.action", "pk": 146, "fields": {"user": 17, "verb": "edited the house description", "target_ct": 7, "target_id": 58, "deleted_house_name": "", "created": "2023-11-19T23:18:36.384Z"}}, {"model": "actions.action", "pk": 147, "fields": {"user": 17, "verb": "posted a new review", "target_ct": 7, "target_id": 58, "deleted_house_name": "", "created": "2023-11-19T23:19:05.893Z"}}, {"model": "actions.action", "pk": 148, "fields": {"user": 17, "verb": "posted a new review", "target_ct": 7, "target_id": 47, "deleted_house_name": "", "created": "2023-11-19T23:21:07.423Z"}}, {"model": "actions.action", "pk": 149, "fields": {"user": 17, "verb": "deleted the review", "target_ct": 7, "target_id": 47, "deleted_house_name": "", "created": "2023-11-19T23:21:08.700Z"}}, {"model": "actions.action", "pk": 150, "fields": {"user": 16, "verb": "changed the role of", "target_ct": 4, "target_id": 17, "deleted_house_name": "", "created": "2023-11-19T23:39:17.006Z"}}, {"model": "actions.action", "pk": 151, "fields": {"user": 16, "verb": "changed the role of", "target_ct": 4, "target_id": 17, "deleted_house_name": "", "created": "2023-11-19T23:39:19.416Z"}}, {"model": "actions.action", "pk": 152, "fields": {"user": 17, "verb": "edited the house description", "target_ct": 7, "target_id": 58, "deleted_house_name": "", "created": "2023-11-19T23:49:05.954Z"}}, {"model": "actions.action", "pk": 153, "fields": {"user": 17, "verb": "edited the review", "target_ct": 7, "target_id": 51, "deleted_house_name": "", "created": "2023-11-19T23:49:30.042Z"}}, {"model": "actions.action", "pk": 154, "fields": {"user": 17, "verb": "posted a new review", "target_ct": 7, "target_id": 47, "deleted_house_name": "", "created": "2023-11-19T23:49:42.840Z"}}, {"model": "actions.action", "pk": 155, "fields": {"user": 17, "verb": "deleted the review", "target_ct": 7, "target_id": 47, "deleted_house_name": "", "created": "2023-11-19T23:49:45.056Z"}}, {"model": "actions.action", "pk": 157, "fields": {"user": 16, "verb": "changed the role of", "target_ct": 4, "target_id": 17, "deleted_house_name": "", "created": "2023-11-20T01:10:43.074Z"}}, {"model": "actions.action", "pk": 158, "fields": {"user": 18, "verb": "posted a new review", "target_ct": 7, "target_id": 56, "deleted_house_name": "", "created": "2023-11-20T01:14:38.639Z"}}, {"model": "actions.action", "pk": 159, "fields": {"user": 18, "verb": "edited the review", "target_ct": 7, "target_id": 56, "deleted_house_name": "", "created": "2023-11-20T01:15:29.400Z"}}, {"model": "actions.action", "pk": 160, "fields": {"user": 18, "verb": "posted a new review", "target_ct": 7, "target_id": 58, "deleted_house_name": "", "created": "2023-11-20T01:18:25.032Z"}}, {"model": "actions.action", "pk": 161, "fields": {"user": 18, "verb": "posted a new review", "target_ct": 7, "target_id": 51, "deleted_house_name": "", "created": "2023-11-20T01:24:42.729Z"}}, {"model": "actions.action", "pk": 162, "fields": {"user": 18, "verb": "edited the review", "target_ct": 7, "target_id": 51, "deleted_house_name": "", "created": "2023-11-20T01:24:54.103Z"}}, {"model": "actions.action", "pk": 163, "fields": {"user": 18, "verb": "edited the review", "target_ct": 7, "target_id": 51, "deleted_house_name": "", "created": "2023-11-20T01:25:02.361Z"}}, {"model": "actions.action", "pk": 164, "fields": {"user": 16, "verb": "edited the review", "target_ct": 7, "target_id": 51, "deleted_house_name": "", "created": "2023-11-20T01:26:34.064Z"}}, {"model": "actions.action", "pk": 165, "fields": {"user": 19, "verb": "posted a new review", "target_ct": 7, "target_id": 56, "deleted_house_name": "", "created": "2023-11-20T01:29:24.118Z"}}, {"model": "actions.action", "pk": 166, "fields": {"user": 16, "verb": "changed the role of", "target_ct": 4, "target_id": 19, "deleted_house_name": "", "created": "2023-11-20T01:30:03.527Z"}}, {"model": "actions.action", "pk": 167, "fields": {"user": 16, "verb": "changed the role of", "target_ct": 4, "target_id": 19, "deleted_house_name": "", "created": "2023-11-20T01:30:06.471Z"}}]